id,a,b,c,e,w
0,98.78725222222886,98.48239819498498,7.754898283193673,0.07850100198908602,73.63703979153577
100,92.27873737743265,91.35437626510638,13.028557448411288,0.1411869930027618,348.3122677367322
